<annotation>
	<folder>train</folder>
	<filename>stamp_83.PNG</filename>
	<path>D:\APPK\Freelance\Project_01\dataset\images\train\stamp_83.PNG</path>
	<source>
		<database>Unknown</database>
	</source>
	<size>
		<width>172</width>
		<height>157</height>
		<depth>3</depth>
	</size>
	<segmented>0</segmented>
	<object>
		<name>stamp</name>
		<pose>Unspecified</pose>
		<truncated>0</truncated>
		<difficult>0</difficult>
		<bndbox>
			<xmin>5</xmin>
			<ymin>5</ymin>
			<xmax>155</xmax>
			<ymax>151</ymax>
		</bndbox>
	</object>
</annotation>
