<annotation>
	<folder>train</folder>
	<filename>stamp_17.PNG</filename>
	<path>D:\5.APPK\Personal\Lab\dataset\images\train\stamp_17.PNG</path>
	<source>
		<database>Unknown</database>
	</source>
	<size>
		<width>156</width>
		<height>181</height>
		<depth>3</depth>
	</size>
	<segmented>0</segmented>
	<object>
		<name>stamp</name>
		<pose>Unspecified</pose>
		<truncated>1</truncated>
		<difficult>0</difficult>
		<bndbox>
			<xmin>2</xmin>
			<ymin>4</ymin>
			<xmax>156</xmax>
			<ymax>175</ymax>
		</bndbox>
	</object>
</annotation>