<annotation>
	<folder>train</folder>
	<filename>stamp_03.PNG</filename>
	<path>D:\5.APPK\Personal\Lab\dataset\images\train\stamp_03.PNG</path>
	<source>
		<database>Unknown</database>
	</source>
	<size>
		<width>193</width>
		<height>82</height>
		<depth>3</depth>
	</size>
	<segmented>0</segmented>
	<object>
		<name>stamp</name>
		<pose>Unspecified</pose>
		<truncated>1</truncated>
		<difficult>0</difficult>
		<bndbox>
			<xmin>93</xmin>
			<ymin>10</ymin>
			<xmax>179</xmax>
			<ymax>82</ymax>
		</bndbox>
	</object>
</annotation>