<annotation>
	<folder>train</folder>
	<filename>stamp_65.PNG</filename>
	<path>D:\APPK\Freelance\Project_01\dataset\images\train\stamp_65.PNG</path>
	<source>
		<database>Unknown</database>
	</source>
	<size>
		<width>161</width>
		<height>158</height>
		<depth>3</depth>
	</size>
	<segmented>0</segmented>
	<object>
		<name>stamp</name>
		<pose>Unspecified</pose>
		<truncated>0</truncated>
		<difficult>0</difficult>
		<bndbox>
			<xmin>2</xmin>
			<ymin>4</ymin>
			<xmax>156</xmax>
			<ymax>153</ymax>
		</bndbox>
	</object>
</annotation>
