<annotation>
	<folder>train</folder>
	<filename>stamp_96.PNG</filename>
	<path>D:\APPK\Freelance\Project_01\dataset\images\train\stamp_96.PNG</path>
	<source>
		<database>Unknown</database>
	</source>
	<size>
		<width>169</width>
		<height>167</height>
		<depth>3</depth>
	</size>
	<segmented>0</segmented>
	<object>
		<name>stamp</name>
		<pose>Unspecified</pose>
		<truncated>0</truncated>
		<difficult>0</difficult>
		<bndbox>
			<xmin>12</xmin>
			<ymin>2</ymin>
			<xmax>165</xmax>
			<ymax>157</ymax>
		</bndbox>
	</object>
</annotation>
