<annotation>
	<folder>train</folder>
	<filename>stamp_07.PNG</filename>
	<path>D:\5.APPK\Personal\Lab\dataset\images\train\stamp_07.PNG</path>
	<source>
		<database>Unknown</database>
	</source>
	<size>
		<width>218</width>
		<height>228</height>
		<depth>3</depth>
	</size>
	<segmented>0</segmented>
	<object>
		<name>stamp</name>
		<pose>Unspecified</pose>
		<truncated>1</truncated>
		<difficult>0</difficult>
		<bndbox>
			<xmin>1</xmin>
			<ymin>9</ymin>
			<xmax>217</xmax>
			<ymax>225</ymax>
		</bndbox>
	</object>
</annotation>