<annotation>
	<folder>train</folder>
	<filename>stamp_44.PNG</filename>
	<path>D:\5.APPK\Personal\Lab\dataset\images\train\stamp_44.PNG</path>
	<source>
		<database>Unknown</database>
	</source>
	<size>
		<width>50</width>
		<height>101</height>
		<depth>3</depth>
	</size>
	<segmented>0</segmented>
	<object>
		<name>stamp</name>
		<pose>Unspecified</pose>
		<truncated>1</truncated>
		<difficult>0</difficult>
		<bndbox>
			<xmin>1</xmin>
			<ymin>6</ymin>
			<xmax>49</xmax>
			<ymax>101</ymax>
		</bndbox>
	</object>
</annotation>