<annotation>
	<folder>train</folder>
	<filename>stamp_62.PNG</filename>
	<path>D:\5.APPK\Personal\Lab\dataset\images\train\stamp_62.PNG</path>
	<source>
		<database>Unknown</database>
	</source>
	<size>
		<width>173</width>
		<height>154</height>
		<depth>3</depth>
	</size>
	<segmented>0</segmented>
	<object>
		<name>stamp</name>
		<pose>Unspecified</pose>
		<truncated>1</truncated>
		<difficult>0</difficult>
		<bndbox>
			<xmin>1</xmin>
			<ymin>2</ymin>
			<xmax>167</xmax>
			<ymax>152</ymax>
		</bndbox>
	</object>
</annotation>