<annotation>
	<folder>train</folder>
	<filename>stamp_55.PNG</filename>
	<path>D:\5.APPK\Personal\Lab\dataset\images\train\stamp_55.PNG</path>
	<source>
		<database>Unknown</database>
	</source>
	<size>
		<width>123</width>
		<height>116</height>
		<depth>3</depth>
	</size>
	<segmented>0</segmented>
	<object>
		<name>stamp</name>
		<pose>Unspecified</pose>
		<truncated>0</truncated>
		<difficult>0</difficult>
		<bndbox>
			<xmin>5</xmin>
			<ymin>3</ymin>
			<xmax>113</xmax>
			<ymax>108</ymax>
		</bndbox>
	</object>
</annotation>