<annotation>
	<folder>train</folder>
	<filename>stamp_49.PNG</filename>
	<path>D:\5.APPK\Personal\Lab\dataset\images\train\stamp_49.PNG</path>
	<source>
		<database>Unknown</database>
	</source>
	<size>
		<width>216</width>
		<height>87</height>
		<depth>3</depth>
	</size>
	<segmented>0</segmented>
	<object>
		<name>stamp</name>
		<pose>Unspecified</pose>
		<truncated>1</truncated>
		<difficult>0</difficult>
		<bndbox>
			<xmin>13</xmin>
			<ymin>1</ymin>
			<xmax>191</xmax>
			<ymax>80</ymax>
		</bndbox>
	</object>
</annotation>