<annotation>
	<folder>train</folder>
	<filename>stamp_52.PNG</filename>
	<path>D:\5.APPK\Personal\Lab\dataset\images\train\stamp_52.PNG</path>
	<source>
		<database>Unknown</database>
	</source>
	<size>
		<width>108</width>
		<height>116</height>
		<depth>3</depth>
	</size>
	<segmented>0</segmented>
	<object>
		<name>stamp</name>
		<pose>Unspecified</pose>
		<truncated>1</truncated>
		<difficult>0</difficult>
		<bndbox>
			<xmin>2</xmin>
			<ymin>3</ymin>
			<xmax>104</xmax>
			<ymax>116</ymax>
		</bndbox>
	</object>
</annotation>