<annotation>
	<folder>train</folder>
	<filename>stamp_06.PNG</filename>
	<path>D:\5.APPK\Personal\Lab\dataset\images\train\stamp_06.PNG</path>
	<source>
		<database>Unknown</database>
	</source>
	<size>
		<width>256</width>
		<height>279</height>
		<depth>3</depth>
	</size>
	<segmented>0</segmented>
	<object>
		<name>stamp</name>
		<pose>Unspecified</pose>
		<truncated>1</truncated>
		<difficult>0</difficult>
		<bndbox>
			<xmin>5</xmin>
			<ymin>32</ymin>
			<xmax>246</xmax>
			<ymax>279</ymax>
		</bndbox>
	</object>
</annotation>