<annotation>
	<folder>train</folder>
	<filename>stamp_16.PNG</filename>
	<path>D:\5.APPK\Personal\Lab\dataset\images\train\stamp_16.PNG</path>
	<source>
		<database>Unknown</database>
	</source>
	<size>
		<width>171</width>
		<height>196</height>
		<depth>3</depth>
	</size>
	<segmented>0</segmented>
	<object>
		<name>stamp</name>
		<pose>Unspecified</pose>
		<truncated>0</truncated>
		<difficult>0</difficult>
		<bndbox>
			<xmin>2</xmin>
			<ymin>2</ymin>
			<xmax>168</xmax>
			<ymax>184</ymax>
		</bndbox>
	</object>
</annotation>