<annotation>
	<folder>train</folder>
	<filename>stamp_89.PNG</filename>
	<path>D:\APPK\Freelance\Project_01\dataset\images\train\stamp_89.PNG</path>
	<source>
		<database>Unknown</database>
	</source>
	<size>
		<width>206</width>
		<height>156</height>
		<depth>3</depth>
	</size>
	<segmented>0</segmented>
	<object>
		<name>stamp</name>
		<pose>Unspecified</pose>
		<truncated>1</truncated>
		<difficult>0</difficult>
		<bndbox>
			<xmin>10</xmin>
			<ymin>1</ymin>
			<xmax>174</xmax>
			<ymax>149</ymax>
		</bndbox>
	</object>
</annotation>
