<annotation>
	<folder>train</folder>
	<filename>stamp_01.PNG</filename>
	<path>D:\5.APPK\Personal\Lab\dataset\images\train\stamp_01.PNG</path>
	<source>
		<database>Unknown</database>
	</source>
	<size>
		<width>111</width>
		<height>98</height>
		<depth>3</depth>
	</size>
	<segmented>0</segmented>
	<object>
		<name>stamp</name>
		<pose>Unspecified</pose>
		<truncated>1</truncated>
		<difficult>0</difficult>
		<bndbox>
			<xmin>33</xmin>
			<ymin>1</ymin>
			<xmax>107</xmax>
			<ymax>74</ymax>
		</bndbox>
	</object>
	<object>
		<name>stamp</name>
		<pose>Unspecified</pose>
		<truncated>1</truncated>
		<difficult>0</difficult>
		<bndbox>
			<xmin>33</xmin>
			<ymin>1</ymin>
			<xmax>105</xmax>
			<ymax>77</ymax>
		</bndbox>
	</object>
</annotation>