<annotation>
	<folder>train</folder>
	<filename>stamp_87.PNG</filename>
	<path>D:\APPK\Freelance\Project_01\dataset\images\train\stamp_87.PNG</path>
	<source>
		<database>Unknown</database>
	</source>
	<size>
		<width>258</width>
		<height>274</height>
		<depth>3</depth>
	</size>
	<segmented>0</segmented>
	<object>
		<name>stamp</name>
		<pose>Unspecified</pose>
		<truncated>0</truncated>
		<difficult>0</difficult>
		<bndbox>
			<xmin>6</xmin>
			<ymin>7</ymin>
			<xmax>249</xmax>
			<ymax>263</ymax>
		</bndbox>
	</object>
</annotation>
