<annotation>
	<folder>train</folder>
	<filename>stamp_21.PNG</filename>
	<path>D:\5.APPK\Personal\Lab\dataset\images\train\stamp_21.PNG</path>
	<source>
		<database>Unknown</database>
	</source>
	<size>
		<width>154</width>
		<height>163</height>
		<depth>1</depth>
	</size>
	<segmented>0</segmented>
	<object>
		<name>stamp</name>
		<pose>Unspecified</pose>
		<truncated>1</truncated>
		<difficult>0</difficult>
		<bndbox>
			<xmin>1</xmin>
			<ymin>6</ymin>
			<xmax>153</xmax>
			<ymax>163</ymax>
		</bndbox>
	</object>
</annotation>