<annotation>
	<folder>train</folder>
	<filename>stamp_42.PNG</filename>
	<path>D:\5.APPK\Personal\Lab\dataset\images\train\stamp_42.PNG</path>
	<source>
		<database>Unknown</database>
	</source>
	<size>
		<width>150</width>
		<height>73</height>
		<depth>3</depth>
	</size>
	<segmented>0</segmented>
	<object>
		<name>stamp</name>
		<pose>Unspecified</pose>
		<truncated>1</truncated>
		<difficult>0</difficult>
		<bndbox>
			<xmin>4</xmin>
			<ymin>1</ymin>
			<xmax>122</xmax>
			<ymax>61</ymax>
		</bndbox>
	</object>
</annotation>