<annotation>
	<folder>train</folder>
	<filename>stamp_66.PNG</filename>
	<path>D:\APPK\Freelance\Project_01\dataset\images\train\stamp_66.PNG</path>
	<source>
		<database>Unknown</database>
	</source>
	<size>
		<width>178</width>
		<height>159</height>
		<depth>3</depth>
	</size>
	<segmented>0</segmented>
	<object>
		<name>stamp</name>
		<pose>Unspecified</pose>
		<truncated>0</truncated>
		<difficult>0</difficult>
		<bndbox>
			<xmin>6</xmin>
			<ymin>2</ymin>
			<xmax>162</xmax>
			<ymax>156</ymax>
		</bndbox>
	</object>
</annotation>
