<annotation>
	<folder>train</folder>
	<filename>stamp_25.PNG</filename>
	<path>D:\5.APPK\Personal\Lab\dataset\images\train\stamp_25.PNG</path>
	<source>
		<database>Unknown</database>
	</source>
	<size>
		<width>197</width>
		<height>184</height>
		<depth>1</depth>
	</size>
	<segmented>0</segmented>
	<object>
		<name>stamp</name>
		<pose>Unspecified</pose>
		<truncated>1</truncated>
		<difficult>0</difficult>
		<bndbox>
			<xmin>7</xmin>
			<ymin>1</ymin>
			<xmax>190</xmax>
			<ymax>184</ymax>
		</bndbox>
	</object>
</annotation>