<annotation>
	<folder>train</folder>
	<filename>stamp_73.PNG</filename>
	<path>D:\APPK\Freelance\Project_01\dataset\images\train\stamp_73.PNG</path>
	<source>
		<database>Unknown</database>
	</source>
	<size>
		<width>254</width>
		<height>258</height>
		<depth>3</depth>
	</size>
	<segmented>0</segmented>
	<object>
		<name>stamp</name>
		<pose>Unspecified</pose>
		<truncated>0</truncated>
		<difficult>0</difficult>
		<bndbox>
			<xmin>8</xmin>
			<ymin>2</ymin>
			<xmax>245</xmax>
			<ymax>246</ymax>
		</bndbox>
	</object>
</annotation>
