<annotation>
	<folder>train</folder>
	<filename>stamp_59.PNG</filename>
	<path>D:\5.APPK\Personal\Lab\dataset\images\train\stamp_59.PNG</path>
	<source>
		<database>Unknown</database>
	</source>
	<size>
		<width>127</width>
		<height>120</height>
		<depth>3</depth>
	</size>
	<segmented>0</segmented>
	<object>
		<name>stamp</name>
		<pose>Unspecified</pose>
		<truncated>1</truncated>
		<difficult>0</difficult>
		<bndbox>
			<xmin>1</xmin>
			<ymin>3</ymin>
			<xmax>94</xmax>
			<ymax>99</ymax>
		</bndbox>
	</object>
</annotation>