<annotation>
	<folder>train</folder>
	<filename>stamp_19.PNG</filename>
	<path>D:\5.APPK\Personal\Lab\dataset\images\train\stamp_19.PNG</path>
	<source>
		<database>Unknown</database>
	</source>
	<size>
		<width>146</width>
		<height>149</height>
		<depth>1</depth>
	</size>
	<segmented>0</segmented>
	<object>
		<name>stamp</name>
		<pose>Unspecified</pose>
		<truncated>1</truncated>
		<difficult>0</difficult>
		<bndbox>
			<xmin>1</xmin>
			<ymin>2</ymin>
			<xmax>140</xmax>
			<ymax>149</ymax>
		</bndbox>
	</object>
</annotation>