<annotation>
	<folder>train</folder>
	<filename>stamp_35.PNG</filename>
	<path>D:\5.APPK\Personal\Lab\dataset\images\train\stamp_35.PNG</path>
	<source>
		<database>Unknown</database>
	</source>
	<size>
		<width>109</width>
		<height>110</height>
		<depth>3</depth>
	</size>
	<segmented>0</segmented>
	<object>
		<name>stamp</name>
		<pose>Unspecified</pose>
		<truncated>0</truncated>
		<difficult>0</difficult>
		<bndbox>
			<xmin>2</xmin>
			<ymin>2</ymin>
			<xmax>104</xmax>
			<ymax>103</ymax>
		</bndbox>
	</object>
</annotation>