<annotation>
	<folder>train</folder>
	<filename>stamp_79.PNG</filename>
	<path>D:\APPK\Freelance\Project_01\dataset\images\train\stamp_79.PNG</path>
	<source>
		<database>Unknown</database>
	</source>
	<size>
		<width>164</width>
		<height>172</height>
		<depth>3</depth>
	</size>
	<segmented>0</segmented>
	<object>
		<name>stamp</name>
		<pose>Unspecified</pose>
		<truncated>1</truncated>
		<difficult>0</difficult>
		<bndbox>
			<xmin>1</xmin>
			<ymin>3</ymin>
			<xmax>146</xmax>
			<ymax>156</ymax>
		</bndbox>
	</object>
</annotation>
