<annotation>
	<folder>train</folder>
	<filename>stamp_57.PNG</filename>
	<path>D:\5.APPK\Personal\Lab\dataset\images\train\stamp_57.PNG</path>
	<source>
		<database>Unknown</database>
	</source>
	<size>
		<width>179</width>
		<height>161</height>
		<depth>3</depth>
	</size>
	<segmented>0</segmented>
	<object>
		<name>stamp</name>
		<pose>Unspecified</pose>
		<truncated>1</truncated>
		<difficult>0</difficult>
		<bndbox>
			<xmin>9</xmin>
			<ymin>2</ymin>
			<xmax>179</xmax>
			<ymax>161</ymax>
		</bndbox>
	</object>
</annotation>