<annotation>
	<folder>train</folder>
	<filename>stamp_95.PNG</filename>
	<path>D:\APPK\Freelance\Project_01\dataset\images\train\stamp_95.PNG</path>
	<source>
		<database>Unknown</database>
	</source>
	<size>
		<width>259</width>
		<height>275</height>
		<depth>3</depth>
	</size>
	<segmented>0</segmented>
	<object>
		<name>stamp</name>
		<pose>Unspecified</pose>
		<truncated>0</truncated>
		<difficult>0</difficult>
		<bndbox>
			<xmin>2</xmin>
			<ymin>9</ymin>
			<xmax>245</xmax>
			<ymax>261</ymax>
		</bndbox>
	</object>
</annotation>
