<annotation>
	<folder>train</folder>
	<filename>stamp_38.PNG</filename>
	<path>D:\5.APPK\Personal\Lab\dataset\images\train\stamp_38.PNG</path>
	<source>
		<database>Unknown</database>
	</source>
	<size>
		<width>115</width>
		<height>138</height>
		<depth>3</depth>
	</size>
	<segmented>0</segmented>
	<object>
		<name>stamp</name>
		<pose>Unspecified</pose>
		<truncated>0</truncated>
		<difficult>0</difficult>
		<bndbox>
			<xmin>4</xmin>
			<ymin>8</ymin>
			<xmax>109</xmax>
			<ymax>120</ymax>
		</bndbox>
	</object>
</annotation>