<annotation>
	<folder>train</folder>
	<filename>stamp_91.PNG</filename>
	<path>D:\APPK\Freelance\Project_01\dataset\images\train\stamp_91.PNG</path>
	<source>
		<database>Unknown</database>
	</source>
	<size>
		<width>155</width>
		<height>170</height>
		<depth>3</depth>
	</size>
	<segmented>0</segmented>
	<object>
		<name>stamp</name>
		<pose>Unspecified</pose>
		<truncated>1</truncated>
		<difficult>0</difficult>
		<bndbox>
			<xmin>4</xmin>
			<ymin>7</ymin>
			<xmax>155</xmax>
			<ymax>151</ymax>
		</bndbox>
	</object>
</annotation>
