<annotation>
	<folder>train</folder>
	<filename>stamp_32.PNG</filename>
	<path>D:\5.APPK\Personal\Lab\dataset\images\train\stamp_32.PNG</path>
	<source>
		<database>Unknown</database>
	</source>
	<size>
		<width>130</width>
		<height>114</height>
		<depth>3</depth>
	</size>
	<segmented>0</segmented>
	<object>
		<name>stamp</name>
		<pose>Unspecified</pose>
		<truncated>0</truncated>
		<difficult>0</difficult>
		<bndbox>
			<xmin>3</xmin>
			<ymin>3</ymin>
			<xmax>117</xmax>
			<ymax>113</ymax>
		</bndbox>
	</object>
</annotation>