<annotation>
	<folder>train</folder>
	<filename>stamp_04.PNG</filename>
	<path>D:\5.APPK\Personal\Lab\dataset\images\train\stamp_04.PNG</path>
	<source>
		<database>Unknown</database>
	</source>
	<size>
		<width>163</width>
		<height>158</height>
		<depth>3</depth>
	</size>
	<segmented>0</segmented>
	<object>
		<name>stamp</name>
		<pose>Unspecified</pose>
		<truncated>0</truncated>
		<difficult>0</difficult>
		<bndbox>
			<xmin>17</xmin>
			<ymin>26</ymin>
			<xmax>152</xmax>
			<ymax>154</ymax>
		</bndbox>
	</object>
</annotation>