<annotation>
	<folder>train</folder>
	<filename>stamp_09.PNG</filename>
	<path>D:\5.APPK\Personal\Lab\dataset\images\train\stamp_09.PNG</path>
	<source>
		<database>Unknown</database>
	</source>
	<size>
		<width>113</width>
		<height>91</height>
		<depth>1</depth>
	</size>
	<segmented>0</segmented>
	<object>
		<name>stamp</name>
		<pose>Unspecified</pose>
		<truncated>1</truncated>
		<difficult>0</difficult>
		<bndbox>
			<xmin>6</xmin>
			<ymin>1</ymin>
			<xmax>102</xmax>
			<ymax>90</ymax>
		</bndbox>
	</object>
</annotation>