<annotation>
	<folder>train</folder>
	<filename>stamp_64.PNG</filename>
	<path>D:\APPK\Freelance\Project_01\dataset\images\train\stamp_64.PNG</path>
	<source>
		<database>Unknown</database>
	</source>
	<size>
		<width>271</width>
		<height>403</height>
		<depth>3</depth>
	</size>
	<segmented>0</segmented>
	<object>
		<name>stamp</name>
		<pose>Unspecified</pose>
		<truncated>1</truncated>
		<difficult>0</difficult>
		<bndbox>
			<xmin>7</xmin>
			<ymin>5</ymin>
			<xmax>271</xmax>
			<ymax>394</ymax>
		</bndbox>
	</object>
</annotation>
