<annotation>
	<folder>train</folder>
	<filename>stamp_08.PNG</filename>
	<path>D:\5.APPK\Personal\Lab\dataset\images\train\stamp_08.PNG</path>
	<source>
		<database>Unknown</database>
	</source>
	<size>
		<width>90</width>
		<height>90</height>
		<depth>1</depth>
	</size>
	<segmented>0</segmented>
	<object>
		<name>stamp</name>
		<pose>Unspecified</pose>
		<truncated>1</truncated>
		<difficult>0</difficult>
		<bndbox>
			<xmin>1</xmin>
			<ymin>2</ymin>
			<xmax>85</xmax>
			<ymax>87</ymax>
		</bndbox>
	</object>
</annotation>