<annotation>
	<folder>train</folder>
	<filename>stamp_11.PNG</filename>
	<path>D:\5.APPK\Personal\Lab\dataset\images\train\stamp_11.PNG</path>
	<source>
		<database>Unknown</database>
	</source>
	<size>
		<width>112</width>
		<height>107</height>
		<depth>3</depth>
	</size>
	<segmented>0</segmented>
	<object>
		<name>stamp</name>
		<pose>Unspecified</pose>
		<truncated>0</truncated>
		<difficult>0</difficult>
		<bndbox>
			<xmin>7</xmin>
			<ymin>3</ymin>
			<xmax>105</xmax>
			<ymax>103</ymax>
		</bndbox>
	</object>
</annotation>