<annotation>
	<folder>train</folder>
	<filename>stamp_54.PNG</filename>
	<path>D:\5.APPK\Personal\Lab\dataset\images\train\stamp_54.PNG</path>
	<source>
		<database>Unknown</database>
	</source>
	<size>
		<width>159</width>
		<height>179</height>
		<depth>3</depth>
	</size>
	<segmented>0</segmented>
	<object>
		<name>stamp</name>
		<pose>Unspecified</pose>
		<truncated>1</truncated>
		<difficult>0</difficult>
		<bndbox>
			<xmin>1</xmin>
			<ymin>7</ymin>
			<xmax>156</xmax>
			<ymax>169</ymax>
		</bndbox>
	</object>
</annotation>