<annotation>
	<folder>train</folder>
	<filename>stamp_67.PNG</filename>
	<path>D:\APPK\Freelance\Project_01\dataset\images\train\stamp_67.PNG</path>
	<source>
		<database>Unknown</database>
	</source>
	<size>
		<width>268</width>
		<height>400</height>
		<depth>3</depth>
	</size>
	<segmented>0</segmented>
	<object>
		<name>stamp</name>
		<pose>Unspecified</pose>
		<truncated>1</truncated>
		<difficult>0</difficult>
		<bndbox>
			<xmin>1</xmin>
			<ymin>6</ymin>
			<xmax>268</xmax>
			<ymax>397</ymax>
		</bndbox>
	</object>
</annotation>
