<annotation>
	<folder>train</folder>
	<filename>stamp_84.PNG</filename>
	<path>D:\APPK\Freelance\Project_01\dataset\images\train\stamp_84.PNG</path>
	<source>
		<database>Unknown</database>
	</source>
	<size>
		<width>257</width>
		<height>251</height>
		<depth>3</depth>
	</size>
	<segmented>0</segmented>
	<object>
		<name>stamp</name>
		<pose>Unspecified</pose>
		<truncated>0</truncated>
		<difficult>0</difficult>
		<bndbox>
			<xmin>4</xmin>
			<ymin>3</ymin>
			<xmax>250</xmax>
			<ymax>246</ymax>
		</bndbox>
	</object>
</annotation>
