<annotation>
	<folder>train</folder>
	<filename>stamp_36.PNG</filename>
	<path>D:\5.APPK\Personal\Lab\dataset\images\train\stamp_36.PNG</path>
	<source>
		<database>Unknown</database>
	</source>
	<size>
		<width>121</width>
		<height>108</height>
		<depth>3</depth>
	</size>
	<segmented>0</segmented>
	<object>
		<name>stamp</name>
		<pose>Unspecified</pose>
		<truncated>1</truncated>
		<difficult>0</difficult>
		<bndbox>
			<xmin>7</xmin>
			<ymin>4</ymin>
			<xmax>121</xmax>
			<ymax>104</ymax>
		</bndbox>
	</object>
</annotation>