<annotation>
	<folder>train</folder>
	<filename>stamp_69.PNG</filename>
	<path>D:\APPK\Freelance\Project_01\dataset\images\train\stamp_69.PNG</path>
	<source>
		<database>Unknown</database>
	</source>
	<size>
		<width>168</width>
		<height>160</height>
		<depth>3</depth>
	</size>
	<segmented>0</segmented>
	<object>
		<name>stamp</name>
		<pose>Unspecified</pose>
		<truncated>0</truncated>
		<difficult>0</difficult>
		<bndbox>
			<xmin>3</xmin>
			<ymin>3</ymin>
			<xmax>163</xmax>
			<ymax>159</ymax>
		</bndbox>
	</object>
</annotation>
