<annotation>
	<folder>train</folder>
	<filename>stamp_37.PNG</filename>
	<path>D:\5.APPK\Personal\Lab\dataset\images\train\stamp_37.PNG</path>
	<source>
		<database>Unknown</database>
	</source>
	<size>
		<width>118</width>
		<height>112</height>
		<depth>3</depth>
	</size>
	<segmented>0</segmented>
	<object>
		<name>stamp</name>
		<pose>Unspecified</pose>
		<truncated>0</truncated>
		<difficult>0</difficult>
		<bndbox>
			<xmin>6</xmin>
			<ymin>4</ymin>
			<xmax>110</xmax>
			<ymax>109</ymax>
		</bndbox>
	</object>
</annotation>