<annotation>
	<folder>train</folder>
	<filename>stamp_81.PNG</filename>
	<path>D:\APPK\Freelance\Project_01\dataset\images\train\stamp_81.PNG</path>
	<source>
		<database>Unknown</database>
	</source>
	<size>
		<width>244</width>
		<height>287</height>
		<depth>3</depth>
	</size>
	<segmented>0</segmented>
	<object>
		<name>stamp</name>
		<pose>Unspecified</pose>
		<truncated>1</truncated>
		<difficult>0</difficult>
		<bndbox>
			<xmin>1</xmin>
			<ymin>15</ymin>
			<xmax>242</xmax>
			<ymax>258</ymax>
		</bndbox>
	</object>
</annotation>
