<annotation>
	<folder>train</folder>
	<filename>stamp_02.PNG</filename>
	<path>D:\5.APPK\Personal\Lab\dataset\images\train\stamp_02.PNG</path>
	<source>
		<database>Unknown</database>
	</source>
	<size>
		<width>140</width>
		<height>89</height>
		<depth>3</depth>
	</size>
	<segmented>0</segmented>
	<object>
		<name>stamp</name>
		<pose>Unspecified</pose>
		<truncated>0</truncated>
		<difficult>0</difficult>
		<bndbox>
			<xmin>62</xmin>
			<ymin>5</ymin>
			<xmax>126</xmax>
			<ymax>77</ymax>
		</bndbox>
	</object>
</annotation>