<annotation>
	<folder>train</folder>
	<filename>stamp_93.PNG</filename>
	<path>D:\APPK\Freelance\Project_01\dataset\images\train\stamp_93.PNG</path>
	<source>
		<database>Unknown</database>
	</source>
	<size>
		<width>164</width>
		<height>166</height>
		<depth>3</depth>
	</size>
	<segmented>0</segmented>
	<object>
		<name>stamp</name>
		<pose>Unspecified</pose>
		<truncated>1</truncated>
		<difficult>0</difficult>
		<bndbox>
			<xmin>6</xmin>
			<ymin>1</ymin>
			<xmax>157</xmax>
			<ymax>150</ymax>
		</bndbox>
	</object>
</annotation>
