<annotation>
	<folder>train</folder>
	<filename>stamp_48.PNG</filename>
	<path>D:\5.APPK\Personal\Lab\dataset\images\train\stamp_48.PNG</path>
	<source>
		<database>Unknown</database>
	</source>
	<size>
		<width>168</width>
		<height>163</height>
		<depth>3</depth>
	</size>
	<segmented>0</segmented>
	<object>
		<name>stamp</name>
		<pose>Unspecified</pose>
		<truncated>0</truncated>
		<difficult>0</difficult>
		<bndbox>
			<xmin>7</xmin>
			<ymin>3</ymin>
			<xmax>165</xmax>
			<ymax>156</ymax>
		</bndbox>
	</object>
</annotation>