<annotation>
	<folder>train</folder>
	<filename>stamp_56.PNG</filename>
	<path>D:\5.APPK\Personal\Lab\dataset\images\train\stamp_56.PNG</path>
	<source>
		<database>Unknown</database>
	</source>
	<size>
		<width>179</width>
		<height>169</height>
		<depth>3</depth>
	</size>
	<segmented>0</segmented>
	<object>
		<name>stamp</name>
		<pose>Unspecified</pose>
		<truncated>0</truncated>
		<difficult>0</difficult>
		<bndbox>
			<xmin>11</xmin>
			<ymin>4</ymin>
			<xmax>170</xmax>
			<ymax>167</ymax>
		</bndbox>
	</object>
</annotation>