<annotation>
	<folder>train</folder>
	<filename>stamp_74.PNG</filename>
	<path>D:\APPK\Freelance\Project_01\dataset\images\train\stamp_74.PNG</path>
	<source>
		<database>Unknown</database>
	</source>
	<size>
		<width>162</width>
		<height>161</height>
		<depth>3</depth>
	</size>
	<segmented>0</segmented>
	<object>
		<name>stamp</name>
		<pose>Unspecified</pose>
		<truncated>1</truncated>
		<difficult>0</difficult>
		<bndbox>
			<xmin>11</xmin>
			<ymin>3</ymin>
			<xmax>160</xmax>
			<ymax>161</ymax>
		</bndbox>
	</object>
</annotation>
